month,n_pos,n_neg,n_total,econ_share,n_bbd,bbd_share,date
2018-01,118,314,6795,0.01736571008094187,70,0.010301692420897719,2018-01-01
2018-02,105,311,6414,0.01637043966323667,69,0.010757717492984098,2018-02-01
2018-03,135,285,6942,0.01944684528954192,64,0.009219245174301354,2018-03-01
2018-04,108,248,6644,0.01625526791089705,50,0.007525586995785672,2018-04-01
2018-05,92,285,7161,0.012847367686077363,60,0.008378718056137411,2018-05-01
2018-06,108,304,6921,0.015604681404421327,74,0.010692096517844241,2018-06-01
2018-07,110,340,6766,0.0162577593851611,75,0.011084835944428023,2018-07-01
2018-08,120,242,6401,0.018747070770192158,57,0.008904858615841275,2018-08-01
2018-09,136,383,6630,0.020512820512820513,72,0.01085972850678733,2018-09-01
2018-10,158,343,7150,0.0220979020979021,99,0.013846153846153847,2018-10-01
2018-11,103,393,6909,0.01490809089593284,85,0.012302793457808655,2018-11-01
2018-12,115,335,6068,0.01895187870797627,88,0.014502307185234015,2018-12-01
2019-01,115,456,6719,0.017115642208662005,98,0.01458550379520762,2019-01-01
2019-02,102,378,6375,0.016,94,0.014745098039215686,2019-02-01
2019-03,105,489,6870,0.015283842794759825,97,0.014119359534206696,2019-03-01
2019-04,83,349,6465,0.012838360402165506,72,0.011136890951276101,2019-04-01
2019-05,104,485,7011,0.014833832548851804,95,0.013550135501355014,2019-05-01
2019-06,103,451,6717,0.015334226589251154,67,0.009974691082328421,2019-06-01
2019-07,116,440,6717,0.017269614411195473,91,0.013547714753610243,2019-07-01
2019-08,109,345,6631,0.016437942995023377,94,0.01417584074800181,2019-08-01
2019-09,105,570,6663,0.01575866726699685,93,0.013957676722197209,2019-09-01
2019-10,117,525,7137,0.01639344262295082,113,0.0158329830460978,2019-10-01
2019-11,99,637,6901,0.014345746993189393,92,0.013331401246196204,2019-11-01
2019-12,98,482,6093,0.0160840308550796,73,0.011980961759396029,2019-12-01
2020-01,91,353,6754,0.013473497186852236,80,0.011844832691738229,2020-01-01
2020-02,119,310,6537,0.018204069144867677,85,0.013002906532048341,2020-02-01
2020-03,181,177,7290,0.024828532235939643,157,0.021536351165980797,2020-03-01
2020-04,160,210,6641,0.024092757114892335,111,0.016714350248456557,2020-04-01
2020-05,165,248,6713,0.024579174735587666,131,0.019514375093102936,2020-05-01
2020-06,142,246,6658,0.021327726043857013,110,0.016521477921297687,2020-06-01
2020-07,156,216,6803,0.022931059826547112,120,0.017639276789651624,2020-07-01
2020-08,111,152,6384,0.01738721804511278,108,0.016917293233082706,2020-08-01
2020-09,119,299,6827,0.017430789512230847,110,0.016112494507104145,2020-09-01
2020-10,133,237,6758,0.019680378810298906,125,0.018496596626220774,2020-10-01
2020-11,132,284,6471,0.020398701900788133,111,0.017153453871117292,2020-11-01
2020-12,103,332,6129,0.01680535160711372,97,0.01582639908631098,2020-12-01
2021-01,100,201,6268,0.01595405232929164,72,0.01148691767708998,2021-01-01
2021-02,114,208,6120,0.018627450980392157,74,0.012091503267973857,2021-02-01
2021-03,107,269,6925,0.015451263537906138,90,0.012996389891696752,2021-03-01
2021-04,82,259,6354,0.012905256531318854,69,0.010859301227573183,2021-04-01
2021-05,95,306,6563,0.01447508761237239,85,0.012951394179491087,2021-05-01
2021-06,110,282,6536,0.016829865361077112,84,0.012851897184822521,2021-06-01
2021-07,89,201,6553,0.01358156569510148,71,0.010834732183732642,2021-07-01
2021-08,87,131,6293,0.013824884792626729,62,0.009852216748768473,2021-08-01
2021-09,85,281,6617,0.012845700468490252,86,0.012996826356354843,2021-09-01
2021-10,130,230,6694,0.019420376456528235,83,0.012399163429937257,2021-10-01
2021-11,96,311,6734,0.014256014256014256,67,0.00994950994950995,2021-11-01
2021-12,102,266,6198,0.016456921587608905,117,0.01887705711519845,2021-12-01
2022-01,112,364,6591,0.016992869063874982,73,0.011075709300561372,2022-01-01
2022-02,103,228,6132,0.01679712981082844,70,0.01141552511415525,2022-02-01
2022-03,134,192,7000,0.019142857142857142,124,0.017714285714285714,2022-03-01
2022-04,102,288,6355,0.016050354051927618,79,0.012431156569630213,2022-04-01
2022-05,123,338,7041,0.017469109501491265,80,0.011362022439994318,2022-05-01
2022-06,143,292,6619,0.02160447197461852,78,0.011784257440701012,2022-06-01
2022-07,141,447,6733,0.020941630773800683,87,0.01292143175404723,2022-07-01
2022-08,141,249,6650,0.02120300751879699,71,0.010676691729323309,2022-08-01
2022-09,209,354,6777,0.03083960454478383,91,0.013427770399881954,2022-09-01
2022-10,239,525,6944,0.03441820276497696,140,0.020161290322580645,2022-10-01
2022-11,144,300,7016,0.020524515393386546,95,0.01354047890535918,2022-11-01
2022-12,93,186,6094,0.01526091237282573,67,0.010994420741713161,2022-12-01
2023-01,113,235,6302,0.017930815614090764,65,0.010314185972707076,2023-01-01
2023-02,101,267,5921,0.017057929403816924,67,0.011315656139165681,2023-02-01
2023-03,138,294,6858,0.020122484689413824,84,0.012248468941382326,2023-03-01
2023-04,97,232,6270,0.01547049441786284,59,0.009409888357256778,2023-04-01
2023-05,110,285,6929,0.015875306682060903,63,0.00909222109972579,2023-05-01
2023-06,118,311,6613,0.017843641312566157,50,0.007560864962951761,2023-06-01
2023-07,119,247,6775,0.017564575645756458,66,0.00974169741697417,2023-07-01
2023-08,98,179,6697,0.014633417948335075,64,0.00955651784381066,2023-08-01
2023-09,101,255,6875,0.014690909090909091,76,0.011054545454545454,2023-09-01
2023-10,109,280,7055,0.015450035435861091,68,0.00963855421686747,2023-10-01
2023-11,129,240,6709,0.019227902817111342,72,0.010731852735131912,2023-11-01
2023-12,119,189,6184,0.01924320827943079,68,0.010996119016817595,2023-12-01
2024-01,104,216,6671,0.015589866586718633,57,0.008544446110028482,2024-01-01
2024-02,100,272,6470,0.015455950540958269,80,0.012364760432766615,2024-02-01
2024-03,109,251,6671,0.016339379403387796,58,0.008694348673362315,2024-03-01
2024-04,94,269,6434,0.014609884986011812,51,0.007926639726453218,2024-04-01
2024-05,100,392,6900,0.014492753623188406,65,0.009420289855072464,2024-05-01
2024-06,111,552,6663,0.016659162539396668,89,0.013357346540597328,2024-06-01
2024-07,97,460,6989,0.013878952639862642,91,0.01302046072399485,2024-07-01
2024-08,114,166,6531,0.017455213596692696,67,0.010258765885775532,2024-08-01
2024-09,122,306,6588,0.018518518518518517,80,0.012143290831815421,2024-09-01
2024-10,151,236,6692,0.022564255827854155,94,0.014046622833233711,2024-10-01
2024-11,128,179,6512,0.019656019656019656,106,0.016277641277641277,2024-11-01
2024-12,77,159,5448,0.014133627019089575,85,0.015602055800293686,2024-12-01
